"","LP","PC","SG","X"
"LP",0,0.00103609644905685,0.00101570099140636,0.000589159267056381
"PC",0.00103609644905685,0,0.00113331307315757,5.60926520309665e-05
"SG",0.00101570099140636,0.00113331307315757,0,0.000573386321439068
"X",0.000589159267056381,5.60926520309665e-05,0.000573386321439068,0
