"","LAZ","LIG","POL","TOS","VAO"
"LAZ",0,0.167256798938828,0.131103027843019,0.192389850662422,0.246221313386336
"LIG",0.167256798938828,0,0.0412541774138688,0.118744266540681,0.12292946331736
"POL",0.131103027843019,0.0412541774138688,0,0.0995272892402409,0.104412060309258
"TOS",0.192389850662422,0.118744266540681,0.0995272892402409,0,0.185308782087214
"VAO",0.246221313386336,0.12292946331736,0.104412060309258,0.185308782087214,0
