,CI,NE,NW,SI
CI,NA,0.11296,0.1998,0.12122
NE,0.11296,NA,0.27631,0.18002
NW,0.1998,0.27631,NA,0.27172
SI,0.12122,0.18002,0.27172,NA
